Workbook

Sheet Sheet1
C1: 2005 | D1: 2006 | E1: 2007 | F1: 2008
B2: Revenues | C2: 100 | D2: 125 | E2: 150 | F2: 175
B3: Cost of Goods Sold | C3: 50 | D3: 60 | E3: 70 | F3: 80
B4: Groos Profit | C4: =C2-C3 -> 50 | D4: =D2-D3 -> 65 | E4: =E2-E3 -> 80 | F4: =F2-F3 -> 95

Sheet Sheet2
C1: 2004 | D1: 2005 | E1: 2006 | F1: 2007 | G1: 2008
B2: Revenues | C2: 800 | D2: 1000 | E2: 1500 | F2: 2500 | G2: 4500
B3: Cost of Hoods Sold | C3: 300 | D3: 500 | E3: 1200 | F3: 3400 | G3: 4000
B4: Gross Profit | C4: =C2-C3 -> 500 | D4: =D2-D3 -> 500 | E4: =E2-E3 -> 300 | F4: =F2-F3 -> -900 | G4: =G2-G3 -> 500
B5: Operating Costs | C5: 35 | D5: 45 | E5: 55 | F5: 65 | G5: 78
B6: Non-operating Costs | C6: 15 | D6: 15 | E6: 15 | F6: 15 | G6: 15
B7: Net Profit | C7: =C4-C5-C6 -> 450 | D7: =D4-D5-D6 -> 440 | E7: =E4-E5-E6 -> 230 | F7: =F4-F5-F6 -> -980 | G7: =G4-G5-G6 -> 407

Sheet Sheet3
C1: 2005 | D1: 2006 | E1: 2007 | F1: 2008
B2: Revenues | C2: =Sheet1!C2+Sheet2!D2 -> 1100 | D2: =Sheet1!D2+Sheet2!E2 -> 1625 | E2: =Sheet1!E2+Sheet2!F2 -> 2650 | F2: =Sheet1!F2+Sheet2!G2 -> 4675
B3: Cost of Hoods Sold | C3: =Sheet1!C3+Sheet2!D3 -> 550 | D3: =Sheet1!D3+Sheet2!E3 -> 1260 | E3: =Sheet1!E3+Sheet2!F3 -> 3470 | F3: =Sheet1!F3+Sheet2!G3 -> 4080
B4: Gross Profit | C4: =C2-C3 -> 550 | D4: =D2-D3 -> 365 | E4: =E2-E3 -> -820 | F4: =F2-F3 -> 595
